{
  "project_info": {
    "project_number": "446717049502",
    "firebase_url": "https://mouse-644fc-default-rtdb.firebaseio.com",
    "project_id": "mouse-644fc",
    "storage_bucket": "mouse-644fc.firebasestorage.app"
  },
  "client": [
    {
      "client_info": {
        "mobilesdk_app_id": "1:446717049502:android:e53c8cf4edc48551c1998f",
        "android_client_info": {
          "package_name": "com.example.airmouse"
        }
      },
      "oauth_client": [],
      "api_key": [
        {
          "current_key": "AIzaSyAJDtWlBj2sv7j3K3zR_RPBO_LglWq-DFo"
        }
      ],
      "services": {
        "appinvite_service": {
          "other_platform_oauth_client": []
        }
      }
    }
  ],
  "configuration_version": "1"
}